name,page
Abas,40
Abbas Shah,40
Abbo,40
Abbo Neustriae,40
Abbot,40
Abdalrahman,40
Abdalrahman,40
Abelard,40
Abnezra,40
Abibalbus,40
Abijah,40
Abrabinel,40
Abu Bekr,40
Abucaras,40
Abulfeda,40
Abulghazi,41
Abul Pharai,41
Abusaid,41
Abu Temam,41
Abydenus,41
Acca,41
Accius,41
Accursius,41
Achilles Tatius,41
Achillini ,41
Achmet,41
Acron,41
Acropolita G,41
Aquarius J,41
Acusilaus,41
Adado'dawla,41
Addison,41
Ado,41
Adrian,41
Adrian 4th ,41
Aegialeus,41
Aedidius,41
Aelian,41
Aemilian,41
Aemilius,41
Aeneas,41
Aeneas Gazaeus,41
Aeneas Sylvius,41
Aeolus ,41
Aeschines,41
Aeschines,41
Aeschylus,41
Aesculapius,41
Aesop,42
Aesopus,42
Aetius,42
Aetius Amidenus,42
Afer Domitius,42
Afranius,42
Africanus Julius,42
Agamemnon,42
Agathemer,42
Agathias,42
Agathocles,42
Agesilaus,42
Agiluf the Goth,42
Agis,42
Agobard,42
Agricola,42
Agricola George,42
Agricola Rodolphus,42
Agrippa,42
Agrippa Byth,42
Agrippa Cornelius,42
Agrippa Vipsenius,42
Agrippina Junior,42
Ahab,42
Ahaz,42
Ahmed,42
Aidan,42
Ailli,42
Aimoin,42
Akbar,42
Akiba,42
Alain,42
Alakis,42
Alamund,43
Alanus de Insulis,43
Alaric the Goth,43
Alban St.,43
Albani,43
Albategni,43
Albert,43
Albertet,43
Alberoni Card.,43
Alberti Leo Baptista,43
Albertus Magnus,43
Albinus,43
Alboinus the Lombard,43
Albucasis,43
Albumazar,43
Albuquerque,43
Alchabitius,43
Alciat,43
Alcibiades,43
Alcimus Avitus,43
Alcaeus,43
Alcman,43
Alcuinus,43
Aldhelm,43
Aldrovandus,43
Alexander,43
Alexander Severus,43
Alexander Aphrodisiensis,43
Alexander 6th,43
Alexander [Ab] Alexandro,43
Alexander Tralliensis,43
Alexius Comnenus,43
Alfenus Varus,43
Alfragani,44
Alfred,44
Ali,44
Alimentus L. C.,44
Al Kamel,44
Alliacus,44
Almaeon,44
Almamon,44
Al Manfur,44
Al Mochtar,44
Alonzo 6th of Castile,44
Alonzo the great of Castile,44
Alphonsus of Arragon,44
Alphonsus Henriques of Portugal,44
Alredus,44
Alva (John Duke of),44
Amafis,44
Amaziah,44
Ambrose,44
Ambrosius,44
Ambrosius Autpertus,44
Amenophis,44
Amir Yahia,44
Ammianus Marcellinus,44
Ammon,44
Ammonius ,44
Ammonius Grammaticus,44
Ammonius Hermaeaei filius,44
Amos,44
Amosis,44
Ampelius,44
Amphictyon,44
Amru Ebn Al As,44
Anarcharsis,45
Anacreon,45
Anatolius,45
Anastasius,45
Anastasius Alexandrinus,45
Anastasius Bibliotheca,45
Anaxagoras Claz.,45
Anaxarchus,45
Anaximander,45
Anaximenes,45
Andocides,45
Andrea del Sarto ,45
Andreas Cretenfis,45
Andreas J,45
Andriscus,45
Andronicus Rhodius,45
Angelo M,45
Angriani,45
Anianus Alex,45
Anien,45
Annibal Caro,45
Anniceris,45
Annius of Viterbo,45
Anselm,45
Anson,45
Anthony Marc ,45
Anthony of Padua,45
Antigonus,45
Antigonus Carystius,45
Antigonus Dofon,45
Antinous,45
Antiochus,45
Antipater,46
Antipater L. Coelius,46
Antipater Tarsensis,46
Antiphon,46
Antisthenes,46
Antonius Pius,46
Antonius M. Sen.,46
Antonius Liberalis,46
Antonius Monachus,46
Antonius Melissa,46
Antonius Mufa,46
Apelles,46
Aphthonius,46
Apicius,46
Apollinaris Sidonius,46
Apollinaris Senior,46
Apollodorus,46
Atheniernsis,46
Apollonius Dyscolus,46
Apollonius Pergamensis,46
Apollonius Rhodius,46
Apollonius Rhodius,46
Apollonius Tyaneus,46
Appian ,46
Appion,46
Appius Cl. Decemvir,46
Apries ,46
Apsines,46
Apuleius,46
Aquila,46
Aquina Th.,46
Arator,46
Aratus,47
Aratus,47
Arbogastes,47
Arbuthnot,47
Arcadius,47
Arcesilaus,47
Archagathus,47
Archilaus,47
Archias,47
Archilochus,47
Archimedes,47
Archytas,47
Arechis of Benevento,47
Aredius,47
Arete,47
Aretaeus Cappadox,47
Aretine L,47
Aretine Peter,47
Argyropylus,47
Arion,47
Ariosto,47
Aristarchus,47
Aristarchus of Samos,47
Aristaenetus,47
Aristenes Alexius,47
Aristides,47
Aristides,47
Aeiius,47
Aeiius of Thebes,47
Aristippus,47
Aristo Coeus,47
Aristobulus Alexandrinus,47
Aristodemus,47
Aristomenes,48
Aristophanes,48
Arsitophanes Byzantinus,48
Aristotle,48
Aristyllus,48
Arius,48
Arminius,48
Arminius,48
Arnaud de Mereuil,48
Arnaud de Villa nova,48
Arnobius,48
Arnobius Junior,48
Arnold of Brescia,48
Arnulph,48
Arrian,48
Arfaces,48
Artabanus,48
Artaxerxes,48
Artemidorus,48
Artemidorus Ephefius,48
Artemius,48
Artemones,48
Athenion,48
Arthur,48
Arviragus,48
Arundel Th.,48
Arzachel,48
Asa,48
Asaph St.,48
Asce,48
"Ascham, Roger",48
Asclepiades,48
Asclepiodorus,48
Ascepliodotus,49
Asconius Pediaaus,49
Ashari,49
"Ashmole, Edward",49
Asinius Gallus,49
Asinius Pollio,49
Asmai,49
"Asser, John",49
Astrampfychus,49
Astulphus,49
Astyages,49
Athaliah,49
Athanaric (the Goth),49
Athanasius,49
Athaulphus,49
Athelstan,49
Athenagoras,49
Athenseus Naucrates,49
Athenion,49
Atkins,49
Attalus Rhodius,49
Atterbury,49
Atticus,49
Attila the Hun,49
Averroes,49
Augustulus,49
Augustus,49
Augustus of Poland,49
Avicenna,49
Avienus (Rufus. Eestus),49
Avitus,49
Aungerville,49
Aurelian,49
Aurelius,49
Aurengzebe,50
Ausonius,50
Austin,50
Austin the Monk,50
Autharis the Lombard,50
Autolycus,50
Azophi,50
Bacchylides,50
"Bacon, Francis",50
"Bacon, Roger",50
Baconthorp,50
Bajazet,50
"Baldwin, Emperor",50
Balsamon,50
Barbarini,50
Barbarossa,50
Barchochab,50
Barclay R.,50
Barlaam Calaber,50
Barnes J,50
Barneveldt ,50
Baronius,50
Barrow,50
Bartholin,50
Bartolus,50
Barwick J,50
Basil,50
Basilides,50
Basilius Seleuciae,50
Basnage,51
Bassano Senior,51
Batecumb G,51
Battus,51
Bayer,51
Bayle,51
Baxter,51
Becanus J,51
Becket,51
Bede ,51
Bedel,51
Bedford (Duke of),51
Belifarius,51
Bellarmine,51
Bellini Giovanni,51
Bembo,51
Benedict,51
Benhadad,51
Bentley,51
Berengarius,51
Berenger,51
Berkley,51
Bernard,51
Bernardini,51
Bernini,51
Bernoulli,51
Berosus,51
Bertram,51
Bessarion,51
Betterton,51
Beza,51
Bias,51
Biddle,51
Bion,52
Bion Boristhenites,52
Black Prince,52
Blake,52
Blastares M.,52
Blondus Flavius,52
Boadicea,52
Boccace,52
Bocchoris,52
Bochart,52
Bodinus,52
Boehmen Jacob,52
Boerhaave,52
Boethius,52
Boethius Hector,52
Boileau,52
Boleflaus of Poland,52
Boilingbroke,52
Bonaventura,52
Booth,52
Borelli,52
Borgia Caesar,52
Boscawen,52
Bossuet,52
Bracton,52
Bradwardin,52
Brasidas,52
Bravonius,52
Brennus,52
"Breton, John",52
Briggs,52
Brissonius,52
Britannicus,53
Brito,53
Bruneleschi Philippo,53
Bruno Coloniensis,53
Bruno Infuber,53
Bruno Jordano,53
Brutus Junius,53
Brutus Marcus,53
Bucer,53
Bucharian,53
Buckingham,53
Budeus,53
Bupalus,53
Burchardus,53
Burleigh,53
Burnet,53
Burrhus,53
Busbequius,53
Buteo,53
Butler,53
Butler,53
Buxtorf Senior,53
"Cabot, Sebastian",53
"Cabot, Cadmus",53
"Cabot, Milesius",53
Caecilius,53
Caerleon Ludovicus,53
"Caesalpinus, Andreas",53
Caesar Julius,53
Cajetan,54
Caius,54
Caius J,54
Calamy,54
"Caleca, Manuel",54
Caligula,54
Calippus,54
Calisthenes,54
Callimachus,54
Callinicus,54
Callistratus,54
"Calpurnius, Julius",54
Calvin,54
Camanusali,54
Camden,54
Camerarius,54
Camillus,54
Camoens,54
Campanus,54
"Cantacuzenus, John",54
Cantemer,54
Canute,54
"Capella, Marcianus",54
Capellus,54
"Capito, Ateius",54
"Capitolinus, Julius",54
Caracalla,54
Caractacus,54
Caranus,54
Carausius,54
Cardan,54
Carlos of Navarre,54
Carneaedes,55
"Carracci, Annibal",55
Carrario of Venice,55
"Caruncanius, Tiberius",55
Carus Ma,55
Casaubon J,55
Casimer 3rd of Poland,55
Cassander,55
Cassianus,55
Cassini,55
Cassiodorus,55
Cassius,55
Cassius Sp.,55
Cassius Av.,55
Cassius Longinus,55
Castalio,55
Castruccio,55
Cataline,55
Cato Censor,55
Cato Uticensis,55
Cato Dionysius,55
Catullus,55
Catulus,55
Cave,55
Caxton,55
Cebes,55
Cecrops,55
Cedrenus,55
Celsus Cornelius,55
Celsus ,55
Cepheus,55
Cerda of Wessex,55
Ceres,56
Cerinthus,56
Cervantes,56
"Cerularius, Michael",56
Chabrias,56
Chalchondiles,56
Charlemaigne,56
Charles the Bald,56
Charles le Gros,56
Charles the 5th,56
Charles the 8th,56
Charles the 12th of Sweden,56
Charles Martel,56
Charmidas,56
Charondas,56
Charops,56
Chaucer,56
"Cheke, John",56
Cheops,56
Cheyne,56
Chicheley,56
Chiron,56
Chillingworth,56
Choeroboscus Georgius,56
Choricius,56
Chosroes the Great,56
Chosroes the 2nd,56
CHRIST,56
Chrysostom,56
Chrodogandus,56
Chrysippus,56
Chrysoloras,57
Chubb,57
Churchill,57
Chylo,57
Ciaconius,57
Cibber,57
Cicero,57
Cid (Roderigo),57
Cimabue,57
Cimon,57
Cincinnatus,57
Cinna,57
Cinnamus,57
Clarendon,57
Clarke,57
Claudian,57
Claudius,57
Clavius,57
Cleanthes,57
Clemens Alex,57
Clemens Romanus,57
Clement 5th,57
Clement 8th,57
Cleobulus,57
Cleomedes,57
Cleomenes,57
Cleopatra,57
Cleostratus,57
Clisthenes,57
Clitomachus,57
Clodius,57
Clotaire,57
Clotaire 2nd,57
Clovis,58
Codrus,58
Coelius Aurelian,58
"Coepio, Q. Servilius",58
"Cooke, Edward",58
Colbert,58
Coligni,58
Coliatus (Petrus Apollonius),58
"Collins, Antony",58
Columba,58
Columbanus,58
Columbus,58
Columella,58
Coluthus,58
"Comestor, Peter",58
Commandine,58
Commines P,58
Commodianus,58
Comnena An.,58
Conde,58
Conde,58
Consusius,58
Congreve,58
Conon,58
Conon of Samos,58
Conrad of Montserat,58
Conrad of Naples,58
Conradin,58
Constantine the Great,58
Constantine Porphyrogenita,58
Constantine Harmenopylus,58
Constantius Chlorus,59
Copernicus,59
Corelli,59
Corinthus,59
Coriolanus,59
Cornaro,59
Corneille,59
Cornisicius,59
Correggio,59
Coreggio of Parma,59
Cortes,59
"Corvinus, Messala",59
"Corvus, Valerius",59
"Cosmas, Monachus",59
Cosmo de Medicis,59
"Cotes, Roger",59
"Cotton, Robert",59
Cowel,59
Cowley,59
Cranaus,59
Cranmer,59
Crantor,59
Crantzius,59
Crassus,59
Crassus L.,59
Craterus,59
Crates,59
Crates Mallotes,59
Crates Thebanus,59
Cratinus,59
Cratippus,59
Crellius,59
Creon,59
Crescentius,60
Cresconius,60
Crida of Mercia,60
Critias,60
Crito,60
Crito,60
Critolaus Phaselites,60
Croesus,60
"Cromwel, Oliver",60
"Cromwel, Thomas",60
Crunnus,60
Ctesias,60
Ctesibius,60
Ctesibius Alex,60
Cudworth,60
Cujacius,60
Curio,60
"Curtius, Quintus",60
"Cusanus, Nicolas",60
Cuspinian,60
Cydias,60
Cyprian,60
Cyril of Alex,60
Cyrus,60
Cyrus Junior,60
"Dacier, Madam",61
Daedalus,61
Damascenus John,61
Damascius,61
Damasus,61
"Damiani, Peter",61
Danaus,61
Dandolo of Venice,61
Daniel,61
Dante,61
Datari,61
Datames,61
David,61
David de Pomis,61
Davila,61
Decius,61
Decius Mus,61
"Dee, John",61
Demades,61
Demetrius Phalereus,61
Demetrius Phalereus Junior,61
Demetrius Poliorcetes,61
Democitus,61
De Moivre,61
Demosthenes,61
Denis of Portugal,61
Dentatus,61
Des Cartes,61
Deucalion,61
Dexippus,61
Diaconus P.,61
Diagoras,61
Dicaearchus,61
"Dictys, Cretensis",61
Dido,61
Didymus of Alex,62
Didymus of Scholiaft,62
"Digby, Kenelm",62
Dinarchus,62
Dinocrates,62
Dio Cassius,62
Diocles,62
Diodorus,62
Diodorus Siculus,62
Diogenes,62
Diogenes Bab.,62
Diogenes Laertius,62
Dion,62
Dion Prusaeus,62
Dionysius Senior,62
Dionysius Junior,62
Dionysius Alex,62
Dionysius ,62
Dionysius Exiguus,62
Dionysius Halicarnassensis,62
Dionysius Heracleotes,62
Dionysius the Monk,62
Dionysius Perigetes,62
Diophantus,62
Dioscorides,62
Diotimus,62
Dobson,62
Doddridge,62
"Dodwell, Henry",62
Dolon,62
Dominic,62
Dominichino,62
Domitian,63
"Danatus, Aelius",63
Danatus,63
Doreidi,63
Doria,63
Dorus,63
Dositheus,63
Draco,63
Dracontius,63
Drake,63
Drusius,63
Drusus,63
Dryden,63
"Dudley, Duke of Northumberland",63
Du Fresne,63
"Dugdale, William",63
"Duglas, Gawin",63
Duilius,63
Dunstan,63
Dupin,63
Durandus,63
"Durer, Albert",63
Eadmerus,63
Echard,63
Edgar,63
Edgar Atheling,63
Edward Confessor,63
Edward Martyr,63
Edward 1st of England,64
Edward 3rd of England,64
"Edwin, of Kent",64
Egbert,64
Egidius,64
Eginhart,64
"Elias, Levita",64
Elijah,64
Elishah,64
Ella,64
Elzevir L,64
Emanuel of Portugal,64
Empedocles,64
Ennius,64
Ennodius,64
Epaminondas,64
Ephorus,64
"Ephrem, Syrus",64
Epicharmus,64
Epicterus,64
Epicurus,64
Epimenides,64
Epiphanius,64
Epiphanius Scholasticus,64
Episcopius,64
Erasistratus,64
Erasmus,64
Eratosthenes,64
Erectheus,64
Erigena J.,64
Erotianus,64
Esahaddon,64
Essahani al Kateb,64
Essex E. of,65
Estwood J,65
Ethelbert of Kent,65
Etmuller,65
Evagrius,65
Evander,65
Eubulides,65
Euclid,65
Euclid of Megara,65
Euctemon,65
"Eudes, Count",65
Eudosia,65
Eudoxus,65
Evelyn,65
Eugene,65
Eugenius,65
Eugenius 4th,65
Eulogius,65
Eumenes,65
Eumenes,65
Eumolpus,65
Eunapius,65
Eunamius,65
Euphorbus,65
Euphorion of Chalcis,65
Euphranor,65
Eupolis,65
Eupompus,65
Euric of Castile,65
Euripedes,65
Eusebius of Nicomedeas,65
Eusebius Pamphilius,65
Eustathius,65
Euthymius,66
Eutropius,66
Eutyches,66
Eutychius of Alex,66
"Eyk, John",66
Ezekiel,66
Ezra,66
"Faber, James",66
Fabius Maximus,66
Fabius Pictor,66
Fabricius,66
Fabricius,66
Fabrot,66
Facundus,66
Falconia Proba,66
Falkland Ld.,66
Fallopius,66
Farabi Al.,66
Fastolf,66
Favonius,66
Favorinus,66
Faustina,66
Fenelon,66
"Ferdinand, of Castile",66
"Ferdinand, of Spain",66
Fernellius,66
Festus Sex. Pom.,66
"Ficinus, Marsilius",66
"Fielding, Henry",67
Fimbria,67
Fingal,67
Firmicus Maternus,67
Firmilian,67
Fitzherbert,67
Flamininus,67
Flamstead,67
Flavio,67
Flavius,67
Fleury,67
Florus Lucius,67
Folkes Martin,67
Fortescue,67
Foster,67
"Fox, George",67
"Fox, John",67
Fracastorius,67
Francis 1st,67
Francis St,67
Francis Mayronis,67
Franciscus Pedemontanus,67
Franco,67
Fredegaire,67
"Frederic, of Germany",67
"Frederic, 2nd",67
"Frederic, 3rd",67
Freinshemius,67
Fresnoy,67
Friend J.,67
Frobenius,67
"Frobisher, Martin",67
Froissart,67
Frontinus,68
Fulgentius,68
"Fullo, Petrus",68
"Fust, John",68
Gaddo Gaddi,68
Gainas,68
Galba,68
"Galeazzo, of Milan",68
Galen,68
Galileo,68
Gallienus,68
Gallus El. Cornel,68
"Gama, Vasques de",68
Gamaliel,68
Gamaliel 4th,68
Gardiner,68
Gariopontus,68
Gascoigne,68
Gasper Barthius,68
Gassendi,68
Gataker,68
"Gaveston, Pierce",68
Gay,68
Geber,68
Gelasius,68
Gellius Aulus,68
Gelo,68
Geminiani,68
Geminus Rhodius,69
Gemisthus Pletho,69
Gennadius,69
"Genseric, the Visgoth",69
Geoffery of Monmouth,69
Geoffroy,69
Georgione,69
Germanicus,69
Germanus 1st,69
Germanus 2nd,69
Germanus of Paris,69
Gershom,69
Gerson J.,69
Gervase of Canterbury,69
"Gesner, Conrad",69
Ghirlandaio,69
Gibson,69
Gildas,69
Gilulfus,69
Giotto,69
Glaber,69
Glanville,69
Glauber,69
"Gloucester, Humphrey, D. of,",69
"Gloucester, Thomas, E. of,",69
Godeschalchus,69
Godfrey of Boloigne,69
Golius,69
Gonsalvo,69
Goodwin,69
Gordian Senior,69
Gordian Junior,69
Gorgias,69
"Gothofredus, Arnold",69
Gower J.,70
Gozan,70
"Gracchus, Cornelius",70
"Gracchus, Tiberius",70
"Gracchus, Sempron Senior",70
Graevius,70
Gratian,70
Gratian ,70
Gratius,70
Greaves J.,70
Gregoras Log.,70
Gregoras Nicephorus,70
Gregorius Palamas,70
Gregory,70
Gregory the Great,70
Gregory 7th,70
Gregory 9th,70
Gregory 13th,70
Gregory Cyprius,70
Gregory Nazianzen,70
Gregory Neocaesariensis,70
Gregory Nissenus,70
Gregory Thaumaturgus,70
Gregory of Tours,70
Grimoald of Lombardy,70
"Grocyn, William",70
Gronovius J.,70
Grostest,70
Grotius,70
Gruterus,70
"Gualtherus, Philip",70
Guarini,70
Guesclin,70
Guicciardin,71
Guido Rhene,71
Guiscard R.,71
Guise Junior,71
Gulielmus Avernus,71
Gulielmus Romanus,71
Gundebald of Burgundy,71
Gunter,71
Guntherus,71
Gurges Fabius,71
Gustavus Adolphus,71
Gustavus Vasa,71
Guttembugh J.,71
Guy D'Arezzo,71
Gylippus,71
Habakkuk,71
Haemus,71
Haggai,71
Haithem Al.,71
Haitonius,71
"Hakem, Al",71
"Hakem, Al",71
Hale M,71
Hales Alex,71
Hales Stephen,71
Hali Ben Rodoham,71
Hali Ebn Aabas,71
Halitgarius Camerocensis,71
Halley,71
Hambden,72
Hamilcar Barcas,72
Hanbal,72
Handel,72
Hannibal Senior,72
Hannibal Senior,72
Hanifa,72
Hanno,72
Hardouin,72
Hardwicke,72
Harley,72
Harmodius,72
"Harold, of Denmark",72
"Harold, of England",72
Haroun al Rashid,72
Haroun of Egypt ,72
Harpalus,72
Harpocratio,72
Harrington,72
Harriot,72
Hartamannus,72
Hartley,72
Harvey,72
"Hastings, Earl of Pembroke",72
"Hawkwood, John",72
Haymo,72
Hazael ,72
"Hearne, John",72
Hebatilla Abul Haram,72
Hegesias,72
Hegesinus,72
Hegesippus,72
Heliodorus,72
Hellion de Villa Nova,73
Hellanicus,73
Hellen,73
Helmondus,73
"Helmont, Van",73
"Helpidius, Rusticus",73
Hemoaldus,73
Hemskirk,73
Hengham,73
Hengist,73
Henry 1st of Germany,73
Henry 4th of Germany,73
Henry 4th of France,73
Henry 5th of England,73
Henry of Ghent,73
Henry of Huntingdon,73
Heraclitus,73
Heraclius,73
Herbelot,73
Herbert,73
Hercules,73
Hermachus,73
Hermannus,73
Hermas,73
Hermogenes Tarsensis,73
Hermogenes,73
Hermogenianus,73
Hermolaus,73
Hermolaus Barbarus,73
Herod the Great,73
Herodes Atticus,73
Herodian,73
Herodicus,73
Herodotus,74
Herring,74
Hesiod,74
Hesychius,74
Hiero,74
Hiero 2nd ,74
Hierocles,74
Hierocles,74
"Higden, Ran.",74
Hilary,74
Hildebertus de Lavardino,74
Hillel,74
Hillel 2nd,74
Hilliard,74
Himerius,74
Himilco,74
Hincmarus,74
Hipparchia,74
Hipparchus of Nice,74
Hippasus,74
Hippias,74
Hippocrates,74
Hipponax,74
Hiram,74
Hirtius,74
Histiaeus,74
Hoadley,74
Hobbs,74
"Hoffman, John Maurice",75
Hogarth,75
"Holbein, Hans",75
"Hollandus, Isaac",75
Hollar,75
Holt,75
Homberg,75
Homer,75
Honain,75
Honorius,75
Honorius Augustidunensis,75
Hooke,75
Hooker,75
Horace,75
Hormisdas 2nd,75
Horne,75
Horrox,75
Hortensius Qu,75
Hosea,75
Hosein,75
Hosius,75
"Hispital, de'l",75
Hottinger,75
Hottoman,75
"Howard, Edward",75
"Howard, Charles",75
"Howard, Thomas",75
Hubba,75
Hubert de Burgh,75
Hudson,75
Hugh Capet,75
Hugh White,75
Hulaku,76
Huge (Cardinal),76
Huldericus,76
Humenus,76
Huniades,76
"Hufs, John",76
"Hutcheson, Francis",76
"Hutchinson, John",76
Huygens,76
Hyllus,76
Hypatia,76
Hyperides,76
Hypolitus,76
Hypsicles,76
Hyrcanus,76
Jaafar Abu,76
Jacob Al Manfur,76
Jaddua,76
Jagatay,76
Jamblicus,76
Jansen c.,76
Jarchi,76
Jason,76
Jason,76
"Javolentus, Priscus",76
Idatius,76
Jeffrey of Beverley,76
Jehoahaz,77
Jehoiakim,77
Jehosaphat,77
Jehu,77
Jenghiz Khan,77
Jeremiah,77
Jeroboam,77
Jeroboam 2nd ,77
Jerom,77
Jerom of Prague,77
Jesus Sirac,77
Ignatius,77
Inaa of Wessex,77
Inachus,77
Inarus,77
Ingulphus of Croyland,77
Innocent 1st,77
Innocent 2nd,77
Innocent 3rd ,77
Joachim de Calaber,77
Joan D'Arc,77
Joannes Becanus,77
Joannes Hagastaldensis,77
Joannes Mauropus,77
Joannes de Rupescissa,77
Joannes Scholasticus,77
Joash of Israel,77
Joash of Judah,77
Joel,77
John of Ghent,77
John of Portugal,77
John Sobiekski,78
John,78
John the Baptist,78
John 19th,78
John 22nd,78
John of Brompton,78
John de Joinville,78
John of Salisbury,78
John Sprot,78
Johnson Ben,78
Ion Chius,78
Jonah,78
Jonathan Macchabaeus,78
Jonathan Ben Uzziel,78
"Jones, Inigo",78
Joram,78
Jornandes,78
Josephus,78
Josiah,78
Jotham,78
Jovian,78
Jovius Paulus,78
Iphicrates,78
Iphitus,78
Irenaeus,78
Irene,78
Isaiah,78
Iscanus,78
Ishbosheth,78
Isidorus Characenus,78
Isidorus Hispalensis,78
Isidorus Pelufiota,78
Ismael Sophi,79
Isoeus,79
Isocrates,79
Juan Don,79
"Judah, Rabbi",79
Judah Hakkadosh,79
Judas Maccabaeus,79
Jugurtha,79
Julia,79
Julia Mammaea,79
Julian,79
Julian Count,79
Julio Romano,79
Julius 2nd,79
Julius Pollux,79
Justin,79
"Justin, Martyr",79
Justinian,79
Juvenal,79
Juvencus,79
Juventius Celsus,79
Kaled,79
"Keil, John",79
"Kempis, Thomas A",79
Kepler,79
Kercher,79
Khondamir,79
Kimchi,79
"King, Sir Peter",79
Kneller,80
Knighton Henry,80
"Knox, John",80
Koffa,80
Kuster,80
Labeo M. Antisthius,80
Laberius,80
Lactantius,80
Lacydes,80
Ladislaus of Napes,80
Laelius,80
Laelius,80
Lambert Schaffnaburgensis,80
Lambinus,80
Lampridius,80
Laomedon,80
"Lancaster, E. of",80
Lanfrank,80
Lanfrank,80
Lanfranco,80
Langton,80
"Lascaris, John",80
Latimer,80
Latro Portius,80
Laud,80
Lautrec,80
Le Brun,80
Le Clerc,80
Leibnitz,80
"Leicester, E.",81
"Leland, John",81
Lelex,81
Leo Armenius,81
Leo the Great,81
Leo 10th ,81
Leo de Modena,81
Leosric,81
Leonicenus N.,81
Leonidas,81
Leonitus,81
Leontius Byzantinus,81
Leontius Pilatus,81
Lepidus,81
Lesbonax,81
Leucippus,81
Levi Ben Gershom,81
Lewis the 7th of France,81
Lewis the 9th,81
Lewis the 11th,81
Lewis the 12th,81
Lewis the 14th,81
Libanius,81
Liberius,81
Licinius,81
Liewenhoek,81
Lightfoot,81
"Lilly, William",81
Limborch,81
"Linacre, Thomas",81
Linus,81
"Lippi, Filippo",81
Lipsius,81
Livia,82
Livius Andronicus,82
Livy,82
Locke,82
"Lollard, William",82
Lollius M.,82
"Lombard, Peter",82
Longinus,82
Longinus,82
Longomontannus,82
Longus,82
Lopez de Vega,82
Lorenzetti,82
Loyola Ignatius,82
Lucan,82
Lucian,82
Lucilius,82
Lucretius,82
Lucullus,82
Ludius,82
Luitprand,82
"Lully J, B",82
Lully Raymund,82
Lupus Servatus,82
"Lusigano, Guy de",82
Luther,82
Luxemburgh,82
Lyacaon,82
Lycon,82
Lycophron,82
Lycortas,82
Lycurgus,82
Lycurgus Ibid,83
Lynwood,83
Lysander,83
Lysias,83
Lysias,83
Lysymachus,83
Lysippus,83
"Lyttleton, Tho",83
Macedonius,83
Macer,83
Machiavel,83
Maclaurin,83
Macrianus,83
Macrinus,83
Macrobius,83
Maecenas,83
Magellan,83
Magnentius,83
Mago,83
Mahmud Gasni,83
Maimburgh,83
Maimonides,83
"Makin, Al",83
"Mantegna, Andrea",83
Malachi,83
Malbranche,83
Malchus,83
Malcolm 1st,83
Malcolm 3rd,83
Malek Ebn Ans,83
Malek Shah,84
Malela J.,84
Malherbe,84
Malpighi,84
Mammaea,84
Manes,84
Manetho,84
Manfred of Naples,84
Manilius,84
Manlius,84
Mantuanus,84
Manuel Phile,84
Manutius Aldus,84
Manutius Paulpus,84
Marcellinus,84
Marcellus,84
Marcellus,84
Marcellus,84
Marcellus Nonius,84
Marcellus,84
Marcianus Heracleotes,84
Marcion,84
Mardonius,84
Margaret,84
Margaret of Anjou,84
Margaritone,84
Marculfus,84
Mariana,84
marianus Scotus,84
Marius,84
Marinus Neapolitanus,84
Marlborough,84
Marot,84
Marsham,85
Martial,85
Martin St.,85
Marcellus ,85
Marcellus M,85
Mary of Scots,85
Masaccio,85
Massinello,85
Massinissa,85
Masurius Sabinus,85
Matilda,85
Matthaeus Sylvaticus,85
Matthaeus Vindocinensis,85
Mathew of Westminster,85
Maupertuis,85
Maurice of Nassau,85
Mauritius,85
"Maurolycus, Francis",85
Maternus,85
Maundeville,85
Maxentius,85
Maximian,85
Maximinus,85
Maximus the Tyrant,85
Maximus Confessor,85
Maximus ,85
Maximus Tyrius,85
Mazarine,85
Mead,85
"Mede, Joseph",85
Mela Pomponius,85
Melancthon,85
Meleager,86
Melchtal,86
Melissus,86
Memnon of Rhodes,86
Menahem,86
Menander,86
Menasseh,86
Menecrates,86
Menedemus Eretriensis,86
Menelaus,86
Menelaus,86
Mephres,86
Mercator,86
Mercator Marius,86
Merlin,86
Merula G.,86
Messabulach,86
Messala M. Valerius,86
Messalina,86
Messue,86
Metellus Numidicus,86
Metellus Tegerensis,86
Methodius,86
Meton,86
Metrocles,86
Metrodorus,86
"Meursius, John",86
Mezerai,86
Michael Ducas,86
"Middleton, Conyers",86
Miltiades,86
Milton,86
Mimnermus,87
Minos,87
Minucianus,87
Minucius Faelis,87
Mirkhond,87
Misitheus,87
Misphragmuthosis,87
Mithridates,87
Moawiah,87
Modestinus Herennius,87
Moeris,87
Moez,87
Mohammed,87
Mohammed 2nd ,87
Moliere,87
Molyneux,87
Monk,87
Montaigne,87
Montanus,87
Montesquieu,87
"Montford, Simon Senior",87
"Montford, Earl of Leicester",87
Montmorency,87
Montrose,87
"Moore, Anthony",87
Mordecai,87
"More, Thomas",87
Morhoff,87
"Morely, David",87
"Mortimer, E. of March",87
Moschopulus Senior,87
Moschus,87
"Moses, Ben Chilpeta",87
Moses Sackcloth,88
Mostancer,88
Motanabbi,88
Muca,88
Mummius,88
"Munster, Sebastian",88
Musaeus,88
Musurus,88
Myron,88
Myso,88
Nabonadius,88
Nabonaffar,88
Nachman,88
Nachmanides M.,88
Nachmanides ,88
Nadir Shah,88
Naevius,88
Nahum,88
Napier,88
Narfes,88
Neacles,88
Nebuchadnezzar,88
Nechaoh,88
Nehemiah,88
Nemefian,88
Nennius,88
"Nepos, Cornelius",88
Neriglissar,88
Nero,89
Nerva,89
Nestorius,89
Newton,89
Nicander of Colophon,89
Nicephorus Calistus,89
Nicephorus Constantinopolitanus,89
Nicephorus Logothetes,89
Nicephorus Phocas,89
Nicepsos,89
Nicetas Acominatus,89
Nicholas de Lyra,89
Nicias,89
Nicias,89
Nicolaus Alex,89
Nicomachus Gerasenus,89
Niger,89
Nigidius Figulus,89
Nonnus Panopolita,89
Nonnus,89
Novatian,89
Numa,89
Nuroddin,89
Oannes,89
Obadiah,89
Obeidallah,89
Obeidallah Al Mohdi,89
Obertus de Orto,89
Obsequens J.,89
"Occam, William",90
Ocellus Lucanus,90
Octavius Horatianus,90
Odenatus,90
Odo St.,90
Odo Cantianus,90
"Odoacer, King of the Heruli",90
Odurius Vitalis,90
Oecolampadius,90
Oecumenius,90
Oedipus,90
Oenotrus,90
Offa of Mercia,90
Ogyges,90
Oktah,90
Olaus Magnus,90
Oldcastle,90
Olivarez,90
"Oliver, Isaac",90
Olympiodorus,90
Omar,90
Onesicratus,90
Onias,90
Onkelos,90
Onosander,90
Oppian,90
"Orange, William of",90
Ordonno of Leon,90
Organa (Andrea),90
Oribasius,90
Origen,90
Orlando,90
Orobio,90
Orodes,91
Orofius,91
Orpheus,91
Ossian,91
Othman,91
Othman the Turk,91
Otho,91
Otho of Germany,91
Otho of Milan,91
Otho Frissingensis,91
Otto de Gueric,91
Oughtred,91
Ovid,91
Oulugbeg,91
"Owen, John",91
Oxienstiern,91
Pachymerus,91
"Paciolus, Lucas",91
Pacuvius,91
Pagninus Sanctes,91
Palaemon,91
Palaephatus,91
"Paleologus, J. Michael",91
Palestina,91
Palladio,91
Pallas,91
Pampilius,91
Panaenus,91
Panaetius,91
Pancirollus,92
Panodorus,92
Pantaenus,92
Panvinius Onuphrius,92
Papias,92
Papinian,92
Papirius,92
Papirius,92
Pappus of Alex,92
Paracelsus,92
"Paris, Matthew",92
Parmegiano,92
Parmenides,92
Parrhasius,92
Parthenius,92
Pascal,92
Paschasius Rupertus,92
Paterculus,92
Patric St.,92
Paul Veronese,92
Paul St.,92
Paul of Venice,92
Paul Warnesrid,92
Paulatio of Venice ,92
Paulinus,92
Paulus Aegineta,92
Paulus Aemilius,92
Paulus Julius,92
Paulus Samosatenus,92
Paulus Silentiarius,92
Pausanias,92
Pausanias,92
Pausias of Sicyon,93
Pegasus,93
Peiresc,93
Pekay,93
Pelagius,93
"Pelham, Henry",93
Pelopias,93
Pelops,93
Pembroke,93
"Penn, William",93
Pepin Heristel,93
Pepin the Short,93
Pepin of Aquitain,93
"Percy, Henry E. of Northumberland",93
Perdiccas,93
"Perez, Antonio",93
Periander,93
Pericles,93
Perizonius,93
Perron,93
Perseus,93
Perseus ,93
Perseus,93
Pertinax,93
Petavins,93
"Peter, St",93
Peter the Great,93
Peter d'Apono,93
Peter of Blois,93
Peter Martyr,93
Petosiris,94
Petrarch,94
Petronius Arbiter,94
Petrus Blesensis,94
Petrus Chrysolorus,94
Peubachius,94
Phaedo,94
Phaedrus,94
Phalantus,94
Phalaris,94
Pharamond,94
Pherecydes,94
Pherecydes Ath.,94
Phidias,94
Phidon,94
Philelphus,94
Philemon,94
Philetas,94
Philistus,94
Philip of Macedonia,94
Philip 2nd,94
Philip the Emp.,94
Philip of France,94
Philip Augustus,94
Philip the Good of Burgundy,94
Philip 2nd of Spain,94
Philippicus the Emperor,94
Philippicus the General,94
Phillippus de Leydis,94
Philo Academicus,94
Philo Biblius,94
Philo Judaeus,94
Philochorus,95
Philolaus,95
Philopoemen,95
Philoponus J.,95
Philostratus,95
Philostratus Junior,95
Philotheus Amphissensis,95
Phlegon Tralliensis,95
Phocas,95
Phocion,95
Phocylides,95
Phoroneus,95
Photius,95
Photius Gallus,95
Phrynicus Arabius,95
Phryxus,95
Picus of Mirandola,95
Pilate,95
Pindar,95
Pisani of Venice,95
Pisides G,95
Pisistraus,95
Piso C.,95
Pitcairne,95
Pittacus,95
"Pizarro, Francis",95
Plantin,95
Planudes,95
Plantina B.,95
Plato,95
Plautianus,95
Pliny Major,95
Pliny Junior,96
Plotina,96
Plotinus,96
Plutarch,96
"Pococke, Edward",96
Poggius Brac,96
"Pole, Crdinal",96
Polemo,96
Polemon,96
Polidoro,96
Polignac,96
Politian,96
Pollio A.,96
Pollio Trebellius,96
"Polo, Marco",96
Polyaenus,96
Polybius,96
Polycarp,96
Polycletus,96
Polycrates,96
Polygnotus of Tarsus,96
"Polyhiltor, Alex",96
Polypercon,96
Pompey,96
Pompey Sextus,96
Pomponatius,96
Pomponius Sextus,96
Pontanus J.,96
Pope,96
Porphyry,96
"Porta, Baptista",96
Possidonius,96
Potamo,97
Potter,97
Poussin,97
Praxiteles,97
Priam,97
"Prideaux, Humphrey",97
Prior,97
Priscian,97
Probus,97
Probus Valerius,97
Proclus,97
Proclus of Constantinople,97
Procopius,97
Procopius,97
Procopius Gazaeus,97
Prometheus,97
Propertius,97
Prosper,97
Protagors,97
Protogenes,97
Prudentius,97
Prynne,97
Psammeticus,97
"Psellus, Michael, Senior",97
"Psellus, Michael, Junior",97
Ptolemy Ceraunus,97
Ptolemy Lagus,97
Ptolemy Claudius,97
Publicola Valerius,97
Publius Syrus,97
Pussendorf,97
Pul,97
Pyrrho,98
Pyrrhus,98
Pythagoras,98
Quintilian,98
Quintus Calaber,98
Quivedo,98
"Rabanus, Maurus",98
Rabelais,98
Racine,98
Raleigh,98
Ramirus of Leon,98
"Ramus, Peter",98
Raphael,98
Rapin,98
Ray,98
Raymond de Puy,98
Raymundus Jordan,98
Reaumur,98
Recared of Castile,98
"Rechiarius, of the Suevi",98
Rechila of the Suevi,98
Record R.,98
Reginon,98
Regiomontanus,98
Regner of Denmark,98
Regulus,99
Rehoboam,99
Rembrandt,99
Remigius,99
Reuchlin,99
Rhazes,99
Rhoecus,99
Rhoswita,99
Ricciolus,99
"Richard, Earl of Cornwal",99
Richardus Scotus,99
"Richardson, Sameul",99
Richlieu,99
Ricimer,99
"Ripley, George",99
"Robert, the Emperor",99
"Robert, Bruce",99
"Robert, of Normandy",99
Robins,99
Rochefocault,99
"Roderick, Ximenes",99
Rodolphus,99
Rodolphus the 3d of Burgundy,99
Roger de Hoveden,99
Roger the 3d of Naples,99
Rohault,99
Roland,99
Rollin,99
Rollo,99
Romulus,99
Ronsard,99
"Rooke, George",99
Roscius,99
Rotharis the Lombard,100
Rothric,100
Rubens,100
Rubilliac,100
Ruffinus,100
Rufus Ephesius,100
"Rupert, Prince",100
Rupertus,100
Russel Admiral,100
Russel Lord,100
Rutilius,100
Ruych,100
Ruysbrokius,100
Ruyter,100
Rysbrac,100
Sabbacon,100
Sabbati Levi,100
Saifodawla,100
Saintgermain,100
Saladin,100
Sallust,100
Salmanassar,100
Salmasrus,100
Salvian,100
Salvius Julian,100
Sammonicus Q.,100
Samuel,100
Samuel Jarchi,100
Sanballat,100
Sancho of Navarre,102
Sancho the Great,102
Sanchoniathon,102
Sanctorius,102
Sannazar,102
Saosduchinus,102
Sapor 1st,102
Sapor 2nd,102
Sappho,102
Savanorola,102
Saville H.,102
Saul,102
Saunderson,102
"Saxe, Count",102
Saxo Grammaticus,102
Scaevola M,102
Scaliger Senior,102
Scaliger Junior,102
Scanderberg,102
Schonerus J.,102
Scioppius,102
Scipio Africanus,102
Scipio Africanus 2d,102
Scipio Asiaticus,102
Scipio Nasica Serapion,102
Scribonius Largus Desig.,102
Scylax Chariandensis,102
Scymnus Chius,102
Sebastian,102
Secundus,102
Sedulius,102
Sejanus,102
"Selden, John",102
Seleucus,103
Selim 1st,103
Semiramis,103
Sempronius Sapiens,103
Sempronius Proculus,103
Senacherib,103
Seneca,103
Seneca L. A.,103
Seneca M. A.,103
Servius,103
Sertorius,103
Servetus M.,103
Sesac,103
Sethosis,103
Severus,103
Severus,103
Sextus Aelius Catus,103
Sextus Empiricus,103
Sforza Fr.,103
Shafei,103
"Shastesbury, Earl of",103
Shastesbury,103
Shakespeare,103
Shammai,103
Sherlock,103
Shi-tzu,103
Shoeffer P.,103
"Shona, Ebn",103
"Shovel, Cloudesly",103
Shunchi,103
Sigebert,103
Sigismund,103
Sigonius,104
Silius Italicus,104
Simeon of Durham,104
Simeon Levi,104
Simeon Mamantes,104
Simeon Metaphastes,104
Simeon Sethus,104
Simeon Stilites,104
Simon,104
Simonides,104
Simplicius,104
"Simpson, Thomas",104
Sisenna L.,104
Sixtus 4th,104
Sixtus 5th,104
Sleidan J.,104
"Sloane, Hans",104
Snorro Sturlesonius,104
"Socinus, Faustas",104
Socrates,104
Socrates,104
Soemund,104
Soleiman,104
Soleiman 1ist Turk,104
Solinus,104
Solomon,104
Solomon,104
Solon,104
Somers,104
"Somerset, Lord Protector",104
Sopater,104
Sophocles,104
Soranus Ephesius,104
Sosbius,105
Sosigenes,105
Sostraus of Cnidus,105
Sotion,105
Sozomen,105
"Spanheim, Ez",105
Spartacus,105
Spartianus Aelius,105
Speed J.,105
"Spelman, Henry",105
Spencer,105
Spencer Senior,105
Spenser,105
Speusippus,105
Spinoza,105
Spurinna,105
Stahl,105
Statius,105
Steele,105
Stefano,105
"Stephanus, Athen",105
Stephanus Byzantinus,105
"Stephens, Henry",105
"Stephens, Robert",105
Sternhold,105
Stesichorus,105
"Stiborius, Andreas",105
Stilicho,105
Stillingfleet,105
Stilpo of Megara,105
Stobeus,105
Stoephlerus,105
"Stowe, John",106
Strabo,106
Strafford,106
Strato,106
Strongbow R. E. of Pembroke,106
"Strype, John",106
Sturmius,106
Swein,106
Suetonius,106
Suidas,106
Sully,106
Sulpicia,106
Sulpicius S.,106
Sulpicius Gallus,106
Sulpicius Severus,106
Swift,106
Swithin,106
Sydenhan,106
"Sydney, Algernon",106
"Sydney, Sir Philip",106
Sylla,106
Symmachus,106
Symmachus,106
Syncellus,106
Synesius,106
Syphax,106
Syrianus,106
"Tabari, Al",106
Tacitus,106
Tacitus,106
"Taffi, Andrea",107
Talbot,107
Talbot Earl of Shrewsbury,107
Tantalus,107
Tarasius,107
Tarquinus Superbus,107
Tasso,107
Tatian,107
"Taurus, Palladius Rutilius",107
"Taylor, of Warrington",107
Tay-tzu,107
Tay-tzu,107
"Tegula, P. Licinius",107
Temple,107
Teniers,107
Terence,107
Terentianus Maurus,107
Terpander,107
Tertullian,107
Teucer,107
Thabet Ebn Sinan,107
Thalassien,107
Thales,107
Thaulerus,107
Thebit,107
Themison,107
Themistius Euphrades,107
Themistocles,107
Theocritus,107
Theodore Gaza,107
Theodoret,107
Theodoric the Ostrogoth,107
Theodorus,108
Theodorus,108
Theodorus,108
Theodorus Cantuarensis,108
Theodorus Meliteniota,108
Theodorus Priscianus,108
Theodorus Prodromus,108
Theodorus Rhaithuensis,108
Theodorus Studites,108
Theodosius the Great,108
Theodosius Tripolitanus,108
Theodotion,108
Theodolphus Aurelianensis,108
Theognis,108
Theon Senior,108
Theon Junior,108
"Theophanes, Con",108
Theophilus,108
Theophilus,108
Theophilus Edessenus,108
Theophrastus,108
Theophylact Achrydiae,108
Theophylact Simocatta,108
Theopompus,108
Theseus,108
Thespis,108
Thius Atheniensis,108
Thoas,108
Thomas,108
Thompson,108
Thoresby,108
"Thornton, Geo",108
Thrasea Paetus,108
Thrasybulus,109
Thuanus,109
Thucydides,109
Tiberius,109
Tiberius,109
Tibullus,109
Tideus,109
Tiglath Pileser,109
Tigranes,109
Tillotson,109
"Tilly, Count",109
Timaeus Siculus,109
Timanthes,109
Timocharis,109
Timoleon,109
Timomachus,109
Timon,109
Timotheus,109
Timur Bek,109
Tindal M,109
Tindale,109
Tintoret,109
Tirhakay,109
Tissaphernes,109
Titian,109
Titus,109
Togrol Bek,109
Toland J.,109
Torquatus Man.,109
Torricelli,109
"Torrington, Admiral",109
Tostatus Al.,109
"Totila, the Ostrogoth",109
Tournefort,110
Trajan,110
Trapezuntius,110
Trebatius,110
Tribonian,110
Triphiodorus,110
Trissino,110
"Trivet, Nicholas",110
Trogus Pompeius,110
"Tromp, Van",110
Tros,110
Trithemius,110
Tucca,110
Tudesque,110
Tullus Hostilius,110
Turan Shah,110
Turenne,110
Turnebus,110
Turpilius,110
Turpilius,110
Tycho Brahe,110
Tyrannio,110
Tyrtaeus,110
Vaillant,110
Valdemar,110
Valens,110
"Valentine, Basil",110
Valentinian 1st,110
Valentinian ,110
Valerian,111
Valerius Flaccus,111
Valerius Maximus,111
Valescus Tarentinus,111
"Valla, Laurentius",111
Vandyke,111
Vanini,111
Varius,111
"Varro, Terntius",111
Varus Q.,111
Vauban,111
Ubaldus,111
Vegetius,111
"Venantius, Fortunatus",111
"Vernon, Edward",111
Verochio,111
Verrius Flaccus,111
Verus L.,111
Vernerus J,111
Vertot,111
Vertue,111
Vesalius,111
Vespasian,111
Victor Amadeus,111
Victor Aurelius,111
Victor Claud. Mar.,111
Victorinus,111
Victorius of Aquitain,111
Vida,111
"Vieta, Francis",111
Vigilius,111
Villars,111
Vincentius Bellovacensis,111
Vincentius De Lyra,112
"Vinci, Leonardo da",112
Viner,112
Virgil,112
Virgil Polydore,112
Vitellio,112
"Vitiges, the Ostrogoth",112
Vitruvius,112
"Vives, Ludovicus",112
Ulphilas,112
Ulpian,112
Ulpius Marcellus,112
Ulugh Beg,112
Ung Khan,112
Volusius Maesianus,112
Vopiscus Flav.,112
Vortigern,112
"Vossius, J. Gerrard",112
Urban 2d,112
Urban 6th,112
Urban 8th,112
Uriah,112
Usbec,112
Usher,112
Usuardus Fuldensis,112
Vulcatius,112
Uzziah,112
Wallace,112
Waller,112
Wallis,112
Walpole,113
"Walsingham, Thomas",113
"Walter, of Hemingford",113
Walton,113
"Warren, Admiral",113
"Warwick, Earl of, Kngmaker",113
Watts,113
Wernerus,113
"Whethamsted, John",113
Whiston,113
Wickliffe J.,113
"Wicks, Thomas",113
"Wikeham, William of",113
Wilkins,113
William of Brandenburgh,113
William the Conqueror,113
William of Malmesbury,113
William of Newbury,113
William of Spires,113
William of Tyre,113
Willis,113
"Winchester, Henry Bp. Of",113
"Winchester, Peter de Roches Bp. Of",113
"Winstanley, Hamlet",113
"Wit, John de",113
Witikind,113
Wolfe,114
Wollaston,114
Wolodimer of Russia,114
Wolfey,114
"Wren, Christopher",114
Xenocrates,114
Xenocrates,114
Xenophanes,114
Xenophon,114
Xenophon Ephesius,114
Ximenes,114
Xiphilin,114
"York, Richard Duke of",114
Young,114
Yvo,114
Yusef of Morocco,114
Zacuti,114
Zaleucus,114
Zamolxis,114
Zanzales,114
Zechariah,114
Zedekiah,115
Zeno,115
Zeno of Elea,115
Zeno Stoicus,115
Zeno of Sydon,115
Zenobia,115
Zephaniah,115
Zerah,115
Zeuxis,115
"Zimisces, John",115
Zinzendorf,115
Zisca,115
Zoe,115
Zoilus,115
Zonaras,115
Zoroaster,115
Zozimus,115
Zucchero,115
Zuinglius,115
